,,,,,,Experiment 1,
,,,,,,Direct Prompt:,et
,,,,,,Paraphrase Prompt:,Hello I am doing an experiment i will provide 2 texts. In text 1 i will give you a reference text and in text 2 i will give you a source text. I want you to tell me if the reference text is actually referenced from the source text and i want true or false answers.
,,,,,,Summary prompt:,"Hey. I will give you two texts. The first text will be a summary that cites the second text, which is the reference. I want you to determine if the the first text is a valid summary of the second text and return a boolean."
Cost,Category,Truth Value,Reference Text,Source Text ,Source pdf link,GPT3.5 Manual,GPT4 Manual
1 min,Direct quotation,FALSE,"Immigrant men and women each have their own struggles in the Swedish labour market. Amanda and Thea reported that, in 2018, ""the immigrant-native empoyment gap was 18 percentage points for women and 11 percentage points for men.""","The money sent by migrants is called economic remittance and is mainly to provide for their families in another country. The ability to support families through remittances has become a motivation for migration (Castles et al. 2013), but remittance flows are not directly related to migration flows but rather to the stock of migrants in a specific country (Castles et al. 2013).",https://www.diva-portal.org/smash/get/diva2:1532847/FULLTEXT01.pdf,FALSE,FALSE
1 min,Direct quotation,FALSE,"Meysa and Hodan reported that ""the ability to support families through remittances has become a motivation for migration (Castles et al. 2013), but remittance flows are not directly related to migration flows but rather to the stock of migrants in a specific country.""","The software typically consists of a large number of classes, and a single change in a class might propagate to a significant percentage of other classes followed by an increase in faults/defects. However, there is little or no evidence in practice that shows change-prone software modules or classes to be more fault-prone or vice versa.",https://www.diva-portal.org/smash/get/diva2:1454014/FULLTEXT01.pdf,FALSE,FALSE
2 mins,Direct quotation,FALSE,"Alhawi and Abdilrahim states that ""the software typically consists of a large number of classes, and a single change in a class might propagate to a significant percentage of other classes followed by an increase in faults/defects.""","One of the issues in Swedish forestry is damaging historical remains when heavy machinery is used for scarification, soil preparation, and regeneration felling activities.",https://www.diva-portal.org/smash/get/diva2:1567620/FULLTEXT01.pdf,FALSE,FALSE
1 min,Direct quotation,FALSE,"Abdulin stated that ""one of the issues in Swedish forestry is damaging historical remains when heavy machinery is used for scarification, soil preparation, and regeneration felling activities.""","Another important factor that could explain why there is an immigrant-native employment gap and why it might differ by gender is discrimination. Especially non-European immigrant women might suffer from ethnic and gender discrimination in the labour market (Statskontoret, 2018). Since discrimination towards immigrants can be expressed through negative attitudes towards immigrants, overcoming these negative attitudes could improve the labour market situation of immigrants (Constant et al, 2009). ",https://www.diva-portal.org/smash/get/diva2:1571473/FULLTEXT01.pdf,FALSE,FALSE
2 mins,Direct quotation,FALSE,"Abraham and Andersson reported that ""non-European immigrant women might suffer from ethnic and gender discrimation in the labour market.""","The study resulted in the conclusion that most of the interviewees' motives were that they send remittances to family, and relatives because of altruism. Within the altruistic motives, the interviewees have been clear in explaining the receivers, for example, the family and relatives' circumstances in the home country, which means that they need financial support.",https://www.diva-portal.org/smash/get/diva2:1532847/FULLTEXT01.pdf,FALSE,FALSE
2 mins,Direct quotation,FALSE,"They concluded saying that ""the interviewee's motives were that they send remittances to family and relatives because of altruism.""","Moreover, in addition operation, ArrayLists, ArrayDeque, and LinkedLists are recommended when memory, CPU, and energy consumption are all considered together. Notably, LinkedList is the optimal choice when only energy consumption is considered during addition.",https://www.diva-portal.org/smash/get/diva2:1773090/FULLTEXT01.pdf,FALSE,FALSE
3 mins,Direct quotation,FALSE,"Alsaid et al. reported that ""in addition operation, ArrayLists, ArrayDeque, and LinkedLists are recommended when memory, CPU, and energy consumption are all considered together.""",It goes without saying that cloud service providers can do more in terms of transparency about the cause of service failures and effective communication with customers during service disruptions.,https://www.diva-portal.org/smash/get/diva2:646329/FULLTEXT01.pdf,FALSE,FALSE
2 mins,Direct quotation,FALSE,"The writers claim that ""cloud service providers can do more in terms of transparency about the cause of service failures and effective communication with customers during service disruptions.""","By using a difference-in-difference method on our obtained data from introductory macroeconomic sample, we are able to conclude that our results did not show any negative treatment effect against foreign-named students. These results are implemented through the fact that foreign-named students received even lower test scores after the reform, thus we can say that the graders treated the foreign-named students positively.",https://www.diva-portal.org/smash/get/diva2:1453705/FULLTEXT01.pdf,FALSE,FALSE
1 min,Direct quotation,FALSE,"In 2020, Huskanovic and Nur reported that ""by using a differenc-in-difference method, they found that their results ""did not show any negative treatment against foreign-named students.""","Additionally, the study highlights the need for developers to consider multiple factors when selecting a Collection or Sorting algorithm, emphasizing that there may be a lack of correlation between energy consumption and quality attributes (CPU and memory usage) in certain algorithms and Collections.",https://www.diva-portal.org/smash/get/diva2:1773090/FULLTEXT01.pdf,FALSE,FALSE
2 mins,Direct quotation,FALSE,"They concluded by saying that ""the study highlights the need for developers to consider multiple factors when selecting a Collection or Sorting algorithm, emphasizing that there may be a lack of correlation between energy consumption and quality attributes (CPU and memory usage) in certain algorithms and Collections.""","Moreover, immigrant men and women face different challenges in the Swedish labour market. In 2018, the immigrant-native employment gap was 18 percentage points for women and 11 percentage points for men (Arbetsmarknadsrapport, 2019), implying that immigrant women might have a longer employment integration process.",https://www.diva-portal.org/smash/get/diva2:1571473/FULLTEXT01.pdf,FALSE,FALSE
4 mins,Direct quotation,TRUE,"Immigrant men and women each have their own struggles in the Swedish labour market. Amanda and Thea reported that, in 2018, ""the immigrant-native empoyment gap was 18 percentage points for women and 11 percentage points for men.""","Moreover, immigrant men and women face different challenges in the Swedish labour market. In 2018, the immigrant-native employment gap was 18 percentage points for women and 11 percentage points for men (Arbetsmarknadsrapport, 2019), implying that immigrant women might have a longer employment integration process.",https://www.diva-portal.org/smash/get/diva2:1571473/FULLTEXT01.pdf,TRUE,TRUE
3 mins,Direct quotation,TRUE,"Meysa and Hodan reported that ""the ability to support families through remittances has become a motivation for migration (Castles et al. 2013), but remittance flows are not directly related to migration flows but rather to the stock of migrants in a specific country.""","The money sent by migrants is called economic remittance and is mainly to provide for their families in another country. The ability to support families through remittances has become a motivation for migration (Castles et al. 2013), but remittance flows are not directly related to migration flows but rather to the stock of migrants in a specific country (Castles et al. 2013).",https://www.diva-portal.org/smash/get/diva2:1532847/FULLTEXT01.pdf,TRUE,TRUE
3 mins,Direct quotation,TRUE,"Alhawi and Abdilrahim states that ""the software typically consists of a large number of classes, and a single change in a class might propagate to a significant percentage of other classes followed by an increase in faults/defects.""","The software typically consists of a large number of classes, and a single change in a class might propagate to a significant percentage of other classes followed by an increase in faults/defects. However, there is little or no evidence in practice that shows change-prone software modules or classes to be more fault-prone or vice versa.",https://www.diva-portal.org/smash/get/diva2:1454014/FULLTEXT01.pdf,TRUE,FALSE
2 mins,Direct quotation,TRUE,"Abdulin stated that ""one of the issues in Swedish forestry is damaging historical remains when heavy machinery is used for scarification, soil preparation, and regeneration felling activities.""","One of the issues in Swedish forestry is damaging historical remains when heavy machinery is used for scarification, soil preparation, and regeneration felling activities.",https://www.diva-portal.org/smash/get/diva2:1567620/FULLTEXT01.pdf,TRUE,TRUE
3 mins,Direct quotation,TRUE,"Abraham and Andersson reported that ""non-European immigrant women might suffer from ethnic and gender discrimation in the labour market.""","Another important factor that could explain why there is an immigrant-native employment gap and why it might differ by gender is discrimination. Especially non-European immigrant women might suffer from ethnic and gender discrimination in the labour market (Statskontoret, 2018). Since discrimination towards immigrants can be expressed through negative attitudes towards immigrants, overcoming these negative attitudes could improve the labour market situation of immigrants (Constant et al, 2009). ",https://www.diva-portal.org/smash/get/diva2:1571473/FULLTEXT01.pdf,TRUE,FALSE
3 mins,Direct quotation,TRUE,"They concluded saying that ""the interviewee's motives were that they send remittances to family and relatives because of altruism.""","The study resulted in the conclusion that most of the interviewees' motives were that they send remittances to family, and relatives because of altruism. Within the altruistic motives, the interviewees have been clear in explaining the receivers, for example, the family and relatives' circumstances in the home country, which means that they need financial support.",https://www.diva-portal.org/smash/get/diva2:1532847/FULLTEXT01.pdf,TRUE,FALSE
2 mins,Direct quotation,TRUE,"Alsaid et al. reported that ""in addition operation, ArrayLists, ArrayDeque, and LinkedLists are recommended when memory, CPU, and energy consumption are all considered together.""","Moreover, in addition operation, ArrayLists, ArrayDeque, and LinkedLists are recommended when memory, CPU, and energy consumption are all considered together. Notably, LinkedList is the optimal choice when only energy consumption is considered during addition.",https://www.diva-portal.org/smash/get/diva2:1773090/FULLTEXT01.pdf,TRUE,FALSE
2 mins,Direct quotation,TRUE,"The writers claim that ""cloud service providers can do more in terms of transparency about the cause of service failures and effective communication with customers during service disruptions.""",It goes without saying that cloud service providers can do more in terms of transparency about the cause of service failures and effective communication with customers during service disruptions.,https://www.diva-portal.org/smash/get/diva2:646329/FULLTEXT01.pdf,TRUE,TRUE
4 mins,Direct quotation,TRUE,"In 2020, Huskanovic and Nur reported that ""by using a differenc-in-difference method, they found that their results ""did not show any negative treatment against foreign-named students.""","By using a difference-in-difference method on our obtained data from introductory macroeconomic sample, we are able to conclude that our results did not show any negative treatment effect against foreign-named students. These results are implemented through the fact that foreign-named students received even lower test scores after the reform, thus we can say that the graders treated the foreign-named students positively.",https://www.diva-portal.org/smash/get/diva2:1453705/FULLTEXT01.pdf,TRUE,TRUE
3 mins,Direct quotation,TRUE,"They concluded by saying that ""the study highlights the need for developers to consider multiple factors when selecting a Collection or Sorting algorithm, emphasizing that there may be a lack of correlation between energy consumption and quality attributes (CPU and memory usage) in certain algorithms and Collections.""","Additionally, the study highlights the need for developers to consider multiple factors when selecting a Collection or Sorting algorithm, emphasizing that there may be a lack of correlation between energy consumption and quality attributes (CPU and memory usage) in certain algorithms and Collections.",https://www.diva-portal.org/smash/get/diva2:1773090/FULLTEXT01.pdf,TRUE,TRUE
5 min,Summarising,FALSE,"The text discusses how firms utilize online personalized advertisements to gain and maintain a competitive edge. By gathering data on individual consumers, companies can tailor their online ads to target specific individuals, enhancing the effectiveness of their marketing efforts.","There has been a significant increase in e-commerce over the past years and to which extent consumers use it. During the past year, when the Covid-19 pandemic has ravaged among us, food consumption has also become a fact. Grocery stores have had the opportunity to develop their e-commerce and offer their customers a chance to purchase products at any time suitable",https://www.diva-portal.org/smash/record.jsf?dswid=-3523&pid=diva2%3A1562178&c=24&searchType=SIMPLE&language=en&query=&af=%5B%22topOrganisationId%3A4853%22%2C%22language%3Aeng%22%2C%22thesisLevel%3AM2%22%5D&aq=%5B%5B%5D%5D&aq2=%5B%5B%5D%5D&aqe=%5B%5D&noOfRows=50&sortOrder=author_sort_asc&sortOrder2=title_sort_asc&onlyFullText=false&sf=undergraduate,FALSE,FALSE
2 min,Summarising,FALSE,"The text highlights the substantial growth in e-commerce, especially during the Covid-19 pandemic, which has also affected consumer habits in food consumption. Grocery stores have capitalized on this shift by enhancing their e-commerce capabilities, allowing customers to shop for groceries online at their convenience.","The use of online personalized advertisements has drawn attention among firms, in efforts of acquiring and maintaining competitive advantage. By collecting individual consumer information, firms are able to personalize advertisements to specific individuals in online contexts.",https://www.diva-portal.org/smash/record.jsf?dswid=-3523&pid=diva2%3A1109489&c=23&searchType=SIMPLE&language=en&query=&af=%5B%22topOrganisationId%3A4853%22%2C%22language%3Aeng%22%2C%22thesisLevel%3AM2%22%5D&aq=%5B%5B%5D%5D&aq2=%5B%5B%5D%5D&aqe=%5B%5D&noOfRows=50&sortOrder=author_sort_asc&sortOrder2=title_sort_asc&onlyFullText=false&sf=undergraduate,FALSE,FALSE
2 min,Summarising,FALSE,"The text discusses the impact of social media content on consumers' purchase intentions. It identifies three key characteristics of social media content—Usefulness, Informativeness, and Interactivity—that significantly influence consumers' willingness to buy products. Despite the unpredictable impact of social media content, these characteristics are notably linked to purchase intentions. The purpose highlighted in the text is to further explore and explain the relationship between these social media content characteristics and consumers' purchase intentions, underlining the need for continued research in this area due to the influential nature of social media on consumer behavior.","Today, there are many children that are not allowed, or have the possibility to go to school and get an education which is a failure towards children's development in relation to human rights. Despite that refugees are supposed to have rights to be provided education, they are reported getting lower access to education than other children.",https://www.diva-portal.org/smash/record.jsf?dswid=-3523&pid=diva2%3A1689139&c=33&searchType=SIMPLE&language=en&query=&af=%5B%22topOrganisationId%3A4853%22%2C%22language%3Aeng%22%2C%22thesisLevel%3AM2%22%5D&aq=%5B%5B%5D%5D&aq2=%5B%5B%5D%5D&aqe=%5B%5D&noOfRows=50&sortOrder=author_sort_asc&sortOrder2=title_sort_asc&onlyFullText=false&sf=undergraduate,FALSE,FALSE
2 min,Summarising,FALSE,"The text discusses the issue of limited educational access for many children today, particularly refugees. It highlights a significant gap in educational opportunities, noting that despite supposed rights to education, refugee children often receive less access compared to other children. This situation is described as a failure in terms of children's development and a violation of their human rights.","Social Media Content consists of characteristics by which have been found by previous research to have an influence on consumers' purchase intention. The social media content can be created by any social media user, who are referred to as content creators, whereby the degree of impact the social media content has on consumers' purchase intention is difficult to predict. There are specifically three social media content characteristics that have been shown to be more strongly related to consumers’ purchase intention than others, which are Usefulness, Informativeness and Interactivity. Previous research suggests that further investigation regarding consumers’ purchase intention in relation to the online context is of relevance to research since social media content is an influential factor regarding consumers’ purchase intention, for an increased explanation of consumers’ purchase intention. Purpose: The purpose is to explain the relationship between social media content characteristics and consumers’ purchase intention.",https://www.diva-portal.org/smash/record.jsf?dswid=-3523&pid=diva2%3A1442530&c=32&searchType=SIMPLE&language=en&query=&af=%5B%22topOrganisationId%3A4853%22%2C%22language%3Aeng%22%2C%22thesisLevel%3AM2%22%5D&aq=%5B%5B%5D%5D&aq2=%5B%5B%5D%5D&aqe=%5B%5D&noOfRows=50&sortOrder=author_sort_asc&sortOrder2=title_sort_asc&onlyFullText=false&sf=undergraduate,FALSE,FALSE
2 min,Summarising,FALSE,"The text addresses the ongoing discourse on the impact of robotics on traditional manufacturing industries, highlighting the continuous evolution of theories regarding how robotics will alter the business landscape. Specifically, it points out the significant changes facing the Chinese labor market due to robotics, raising concerns about the uncertain effects on employment rates and the overall economy.","It has also been identified that technological touchpoints are used by retailers in the furniture sector to create greater opportunity and availability for customers to make different choices. Furthermore, to easily create an innovative experience and faster produce communication. In summary, the basic reason for why furniture companies manage technological touchpoints is to create a good, accomplished experience for the customer and to be competitive on the market. By using digital touchpoints, this thesis has shown that the customer experience has improved in several ways, including the relationship between company and customer.",https://www.diva-portal.org/smash/get/diva2:1573851/FULLTEXT01.pdf,FALSE,FALSE
1 min,Summarising,FALSE,"The study found that most interviewees sent remittances to family and relatives out of altruism, motivated by a desire to support them financially. Additionally, some interviewees sent remittances to maintain favor in inheritance by supporting their parents.","Our explanations for these results can be related to the mechanism “in-group bias” where favoritism due to similar characteristics between the grader and the students could have had an impact. Thus this mechanism is beyond the scope of our paper, and we can therefore not conclusively say what factors contributed to these results considering the graders gender but this mechanism could be interesting to test in future studies.",https://www.diva-portal.org/smash/get/diva2:1453705/FULLTEXT01.pdf,FALSE,FALSE
1 min,Summarising,FALSE,"The study suggests that the results may be influenced by the ""in-group bias"" mechanism, where favoritism towards individuals with similar characteristics could play a role. However, this mechanism falls outside the scope of the current paper.","It has also been identified that technological touchpoints are used by retailers in the furniture sector to create greater opportunity and availability for customers to make different choices. Furthermore, to easily create an innovative experience and faster produce communication. In summary, the basic reason for why furniture companies manage technological touchpoints is to create a good, accomplished experience for the customer and to be competitive on the market. By using digital touchpoints, this thesis has shown that the customer experience has improved in several ways, including the relationship between company and customer.",https://www.diva-portal.org/smash/get/diva2:1573851/FULLTEXT01.pdf,FALSE,FALSE
1 min,Summarising,FALSE,"Furniture retailers utilize technological touchpoints to enhance customer choice, innovation, and communication. The primary aim is to provide customers with a satisfying experience and remain competitive in the market. This approach has led to improvements in customer experience, particularly in enhancing the company-customer relationship, as demonstrated by this thesis.","Moreover, the hopelessness seems to be apparent in various circumstances online. For example, consumers seem to have several misconceptions regarding the use of cookies, and uncertainty concerning the nature of cookies is discernible. The empirical material suggests that this uncertainty and variety of misconceptions stem from the fact that consumers have not attempted to seek explanations or further information regarding the meaning of cookies. This in turn implies that consumers possess a hopelessness, in that there is nothing to gain from such knowledge, since, as an individual, such knowledge would amount to nothing. ",https://www.diva-portal.org/smash/get/diva2:1109489/FULLTEXT01.pdf,FALSE,FALSE
1 min,Summarising,FALSE,"Consumers display misconceptions and uncertainty about cookies online, often stemming from a lack of effort to seek explanations. This suggests a sense of hopelessness, as consumers perceive no value in acquiring knowledge about cookies.",The transition from low-skilled labor has resulted in the Chinese population choosing education to find a good job and avoid competing with robots that are taking over the production lines in traditional low-skilled labor factories. China has made a tremendous transition from the world's largest pool of cheap labor force into the world's largest skilled labor pool.,https://www.diva-portal.org/smash/get/diva2:1576676/FULLTEXT01.pdf,FALSE,FALSE
1 min,Summarising,FALSE,China has moved away from low-skilled labor towards prioritizing education to secure better jobs and avoid competition with robots. This has transformed it from having the world's largest cheap labor force to the world's largest skilled labor pool.,"The study resulted in the conclusion that most of the interviewees' motives were that they send remittances to family, and relatives because of altruism. Within the altruistic motives, the interviewees have been clear in explaining the receivers, for example, the family and relatives' circumstances in the home country, which means that they need financial support. We identified that some interviewees sent remittances and supported their parents in the home country to maintain favor in inheritance.",https://www.diva-portal.org/smash/get/diva2:1532847/FULLTEXT01.pdf,FALSE,FALSE
2 min,Summarising,TRUE,"The text discusses how firms utilize online personalized advertisements to gain and maintain a competitive edge. By gathering data on individual consumers, companies can tailor their online ads to target specific individuals, enhancing the effectiveness of their marketing efforts.","The use of online personalized advertisements has drawn attention among firms, in efforts of acquiring and maintaining competitive advantage. By collecting individual consumer information, firms are able to personalize advertisements to specific individuals in online contexts.",https://www.diva-portal.org/smash/record.jsf?dswid=-3523&pid=diva2%3A1109489&c=23&searchType=SIMPLE&language=en&query=&af=%5B%22topOrganisationId%3A4853%22%2C%22language%3Aeng%22%2C%22thesisLevel%3AM2%22%5D&aq=%5B%5B%5D%5D&aq2=%5B%5B%5D%5D&aqe=%5B%5D&noOfRows=50&sortOrder=author_sort_asc&sortOrder2=title_sort_asc&onlyFullText=false&sf=undergraduate,TRUE,TRUE
2 min,Summarising,TRUE,"The text highlights the substantial growth in e-commerce, especially during the Covid-19 pandemic, which has also affected consumer habits in food consumption. Grocery stores have capitalized on this shift by enhancing their e-commerce capabilities, allowing customers to shop for groceries online at their convenience.","There has been a significant increase in e-commerce over the past years and to which extent consumers use it. During the past year, when the Covid-19 pandemic has ravaged among us, food consumption has also become a fact. Grocery stores have had the opportunity to develop their e-commerce and offer their customers a chance to purchase products at any time suitable.",https://www.diva-portal.org/smash/record.jsf?dswid=-3523&pid=diva2%3A1562178&c=24&searchType=SIMPLE&language=en&query=&af=%5B%22topOrganisationId%3A4853%22%2C%22language%3Aeng%22%2C%22thesisLevel%3AM2%22%5D&aq=%5B%5B%5D%5D&aq2=%5B%5B%5D%5D&aqe=%5B%5D&noOfRows=50&sortOrder=author_sort_asc&sortOrder2=title_sort_asc&onlyFullText=false&sf=undergraduate,TRUE,TRUE
3 min,Summarising,TRUE,"The text discusses the impact of social media content on consumers' purchase intentions. It identifies three key characteristics of social media content—Usefulness, Informativeness, and Interactivity—that significantly influence consumers' willingness to buy products. Despite the unpredictable impact of social media content, these characteristics are notably linked to purchase intentions. The purpose highlighted in the text is to further explore and explain the relationship between these social media content characteristics and consumers' purchase intentions, underlining the need for continued research in this area due to the influential nature of social media on consumer behavior.","Social Media Content consists of characteristics by which have been found by previous research to have an influence on consumers' purchase intention. The social media content can be created by any social media user, who are referred to as content creators, whereby the degree of impact the social media content has on consumers' purchase intention is difficult to predict. There are specifically three social media content characteristics that have been shown to be more strongly related to consumers’ purchase intention than others, which are Usefulness, Informativeness and Interactivity. Previous research suggests that further investigation regarding consumers’ purchase intention in relation to the online context is of relevance to research since social media content is an influential factor regarding consumers’ purchase intention, for an increased explanation of consumers’ purchase intention. Purpose: The purpose is to explain the relationship between social media content characteristics and consumers’ purchase intention.",https://www.diva-portal.org/smash/record.jsf?dswid=-3523&pid=diva2%3A1442530&c=32&searchType=SIMPLE&language=en&query=&af=%5B%22topOrganisationId%3A4853%22%2C%22language%3Aeng%22%2C%22thesisLevel%3AM2%22%5D&aq=%5B%5B%5D%5D&aq2=%5B%5B%5D%5D&aqe=%5B%5D&noOfRows=50&sortOrder=author_sort_asc&sortOrder2=title_sort_asc&onlyFullText=false&sf=undergraduate,TRUE,TRUE
4 min,Summarising,TRUE,"The text discusses the issue of limited educational access for many children today, particularly refugees. It highlights a significant gap in educational opportunities, noting that despite supposed rights to education, refugee children often receive less access compared to other children. This situation is described as a failure in terms of children's development and a violation of their human rights.","Today, there are many children that are not allowed, or have the possibility to go to school and get an education which is a failure towards children's development in relation to human rights. Despite that refugees are supposed to have rights to be provided education, they are reported getting lower access to education than other children.",https://www.diva-portal.org/smash/record.jsf?dswid=-3523&pid=diva2%3A1689139&c=33&searchType=SIMPLE&language=en&query=&af=%5B%22topOrganisationId%3A4853%22%2C%22language%3Aeng%22%2C%22thesisLevel%3AM2%22%5D&aq=%5B%5B%5D%5D&aq2=%5B%5B%5D%5D&aqe=%5B%5D&noOfRows=50&sortOrder=author_sort_asc&sortOrder2=title_sort_asc&onlyFullText=false&sf=undergraduate,TRUE,TRUE
2 min,Summarising,TRUE,"The text addresses the ongoing discourse on the impact of robotics on traditional manufacturing industries, highlighting the continuous evolution of theories regarding how robotics will alter the business landscape. Specifically, it points out the significant changes facing the Chinese labor market due to robotics, raising concerns about the uncertain effects on employment rates and the overall economy.","For as long robotics has been a research topic, their impact on the traditional manufacturing industry have been discussed. Several theories have been presented through the years in how robotics will change the business climate. The Chinese labor market is facing big transitions and the question of what the effects on employment rate and economy will be remains uncertain.",https://www.diva-portal.org/smash/record.jsf?dswid=-3523&pid=diva2%3A1576676&c=34&searchType=SIMPLE&language=en&query=&af=%5B%22topOrganisationId%3A4853%22%2C%22language%3Aeng%22%2C%22thesisLevel%3AM2%22%5D&aq=%5B%5B%5D%5D&aq2=%5B%5B%5D%5D&aqe=%5B%5D&noOfRows=50&sortOrder=author_sort_asc&sortOrder2=title_sort_asc&onlyFullText=false&sf=undergraduate,TRUE,TRUE
3 mins,Summarising,TRUE,"The study found that most interviewees sent remittances to family and relatives out of altruism, motivated by a desire to support them financially. Additionally, some interviewees sent remittances to maintain favor in inheritance by supporting their parents.","The study resulted in the conclusion that most of the interviewees' motives were that they send remittances to family, and relatives because of altruism. Within the altruistic motives, the interviewees have been clear in explaining the receivers, for example, the family and relatives' circumstances in the home country, which means that they need financial support. We identified that some interviewees sent remittances and supported their parents in the home country to maintain favor in inheritance.",https://www.diva-portal.org/smash/get/diva2:1532847/FULLTEXT01.pdf,TRUE,TRUE
4 mins,Summarising,TRUE,"The study suggests that the results may be influenced by the ""in-group bias"" mechanism, where favoritism towards individuals with similar characteristics could play a role. However, this mechanism falls outside the scope of the current paper.","Our explanations for these results can be related to the mechanism “in-group bias” where favoritism due to similar characteristics between the grader and the students could have had an impact. Thus this mechanism is beyond the scope of our paper, and we can therefore not conclusively say what factors contributed to these results considering the graders gender but this mechanism could be interesting to test in future studies.",https://www.diva-portal.org/smash/get/diva2:1453705/FULLTEXT01.pdf,TRUE,FALSE
3 mins,Summarising,TRUE,"Furniture retailers utilize technological touchpoints to enhance customer choice, innovation, and communication. The primary aim is to provide customers with a satisfying experience and remain competitive in the market. This approach has led to improvements in customer experience, particularly in enhancing the company-customer relationship, as demonstrated by this thesis.","It has also been identified that technological touchpoints are used by retailers in the furniture sector to create greater opportunity and availability for customers to make different choices. Furthermore, to easily create an innovative experience and faster produce communication. In summary, the basic reason for why furniture companies manage technological touchpoints is to create a good, accomplished experience for the customer and to be competitive on the market. By using digital touchpoints, this thesis has shown that the customer experience has improved in several ways, including the relationship between company and customer.",https://www.diva-portal.org/smash/get/diva2:1573851/FULLTEXT01.pdf,TRUE,TRUE
3 mins,Summarising,TRUE,"Consumers display misconceptions and uncertainty about cookies online, often stemming from a lack of effort to seek explanations. This suggests a sense of hopelessness, as consumers perceive no value in acquiring knowledge about cookies.","Moreover, the hopelessness seems to be apparent in various circumstances online. For example, consumers seem to have several misconceptions regarding the use of cookies, and uncertainty concerning the nature of cookies is discernible. The empirical material suggests that this uncertainty and variety of misconceptions stem from the fact that consumers have not attempted to seek explanations or further information regarding the meaning of cookies. This in turn implies that consumers possess a hopelessness, in that there is nothing to gain from such knowledge, since, as an individual, such knowledge would amount to nothing. ",https://www.diva-portal.org/smash/get/diva2:1109489/FULLTEXT01.pdf,TRUE,TRUE
3 mins ,Summarising,TRUE,China has moved away from low-skilled labor towards prioritizing education to secure better jobs and avoid competition with robots. This has transformed it from having the world's largest cheap labor force to the world's largest skilled labor pool.,The transition from low-skilled labor has resulted in the Chinese population choosing education to find a good job and avoid competing with robots that are taking over the production lines in traditional low-skilled labor factories. China has made a tremendous transition from the world's largest pool of cheap labor force into the world's largest skilled labor pool.,https://www.diva-portal.org/smash/get/diva2:1576676/FULLTEXT01.pdf,TRUE,TRUE
3 min,Paraphrasing,TRUE,"She argues that the Somali diaspora's sense of duty stems from their cultural and religious backgrounds, motivating them to provide financial support and aid to their relatives. This practice is widespread among adult Somali Swedes and Somalis residing in other regions. Additionally, there's a notable trend of contributing to disaster relief efforts, such as drought relief, reflecting a shared commitment to solidarity and urgency. Importantly, the assistance offered transcends regional affiliations and is often driven by a combination of humanitarian concerns and familial responsibilities. Given the enduring impact of the civil war on many Somalis, whether the support provided is primarily motivated by religious obligation, humanitarian values, or familial ties can be complex and multifaceted.","She continues to say that the Somali diaspora’s commitment or obligation is based on their culture and religion. Hence why they remit and support their kinship. Many adult Somali Swedes and Somalis in other parts of the world have participated in this practice. Besides, people have widely expressed donations for drought relief and other forms of disaster donations. This is a common practice, that is, little or no attention is paid to the affiliation of certain regions, but based on a sense of urgency and solidarity, even for the economy, the same is true for people with very limited means. Also, because many Somalis suffered physical pain during the civil war, or had family members or friends who were or have been affected, it is not always clear if they remit because of religious and humanitarian obligations or because they feel responsible for their family.",https://www.diva-portal.org/smash/record.jsf?dswid=-3523&pid=diva2%3A1532847&c=4&searchType=SIMPLE&language=en&query=&af=%5B%22topOrganisationId%3A4853%22%2C%22language%3Aeng%22%2C%22thesisLevel%3AM2%22%5D&aq=%5B%5B%5D%5D&aq2=%5B%5B%5D%5D&aqe=%5B%5D&noOfRows=50&sortOrder=author_sort_asc&sortOrder2=title_sort_asc&onlyFullText=false&sf=undergraduate,TRUE,TRUE
3 min,Paraphrasing,TRUE,"The conflict holds particular significance for NATO and EU member states, particularly those, like Ukraine, with historical ties to the Soviet Union. As the Russia-Ukraine conflict escalates from a domestic issue to a global geopolitical struggle, it poses substantial risks of creating adversarial relationships among major powers and other nations worldwide.","The war thus makes itself of particular relevance for the NATO states and EU states, especially in regards to states such as Ukraine that were formerly aligned to the Soviet Union. Considering that the Russia-Ukraine war has already advanced from a national crisis into a global geopolitical conflict, it risks resulting into serious adversaries towards the main actors and other nations in general. ",https://www.diva-portal.org/smash/record.jsf?dswid=-3523&pid=diva2%3A1762452&c=5&searchType=SIMPLE&language=en&query=&af=%5B%22topOrganisationId%3A4853%22%2C%22language%3Aeng%22%2C%22thesisLevel%3AM2%22%5D&aq=%5B%5B%5D%5D&aq2=%5B%5B%5D%5D&aqe=%5B%5D&noOfRows=50&sortOrder=author_sort_asc&sortOrder2=title_sort_asc&onlyFullText=false&sf=undergraduate,TRUE,TRUE
3 min,Paraphrasing,TRUE,"The historical artifacts nestled within Swedish forests face a threat from the routine use of heavy machinery during soil preparation, scarification, and regeneration endeavors. The risk arises primarily from the lack of precise information regarding the whereabouts of these remnants or inaccuracies in their documentation. Among the most fragile of these historical vestiges are the remnants of past charcoal production, whose traces have endured over time.","Historical remains in Swedish forests are at risk of being damaged by heavy machineryduring regular soil preparation, scarification, and regeneration activities. Thereason for this is that the exact locations of these remains are often unknown or theirrecords are inaccurate. Some of the most vulnerable historical remains are the tracesleft after years of charcoal production.",https://www.diva-portal.org/smash/record.jsf?dswid=-3523&pid=diva2%3A1567620&c=7&searchType=SIMPLE&language=en&query=&af=%5B%22topOrganisationId%3A4853%22%2C%22language%3Aeng%22%2C%22thesisLevel%3AM2%22%5D&aq=%5B%5B%5D%5D&aq2=%5B%5B%5D%5D&aqe=%5B%5D&noOfRows=50&sortOrder=author_sort_asc&sortOrder2=title_sort_asc&onlyFullText=false&sf=undergraduatewa,TRUE,TRUE
5 min,Paraphrasing,TRUE,"In recent decades, international migration has seen consistent growth, presenting a challenge for many countries in terms of integrating immigrants into the labor market. Existing research indicates that immigrants, particularly those from non-European backgrounds, face difficulties in gaining a foothold in the labor market, with variations observed between male and female immigrants. Discrimination is proposed as a potential explanation for the disadvantaged position of non-European immigrants in the labor market, often manifested through negative attitudes towards immigrants.","International migration has had a steady growth over the last decades and the integration of immigrants into the labour market is a challenge for many countries. Previous literature has found that immigrants, especially non-European immigrants, are disadvantaged in the labour market, and that the size of this disadvantage differs between male and female immigrants. One potential explanation for non-European immigrants’ labour market disadvantage is discrimination, which can be expressed through negative attitudes towards immigrants.",https://www.diva-portal.org/smash/record.jsf?dswid=-3523&pid=diva2%3A1571473&c=9&searchType=SIMPLE&language=en&query=&af=%5B%22topOrganisationId%3A4853%22%2C%22language%3Aeng%22%2C%22thesisLevel%3AM2%22%5D&aq=%5B%5B%5D%5D&aq2=%5B%5B%5D%5D&aqe=%5B%5D&noOfRows=50&sortOrder=author_sort_asc&sortOrder2=title_sort_asc&onlyFullText=false&sf=undergraduate,TRUE,TRUE
4 min,Paraphrasing,TRUE,"In contemporary times, companies are increasingly recognizing the significance of implementing effective maintenance strategies for their production processes. Maintenance directly influences factors such as quality, performance, and availability, thereby aiding in the optimization of production processes to deliver high-quality products at minimal production costs. A novel approach to maintenance, known as e-maintenance, has emerged recently. This approach offers a streamlined solution for managing maintenance activities by incorporating features such as condition monitoring, documentation, and personalized maintenance recommendations tailored to align with the company's objectives and vision.","Nowadays, companies started to realize the impact of a good maintenance strategy on the production process. Quality, performance as well as availability are affected by maintenance; existing maintenance strategies help to optimize the production process to achieve high quality products with a low production cost. A new strategy of maintenance has immerged recently, e-maintenance provides an easy solution to follow up with maintenance, it provides condition monitoring, documentation, and it also gives you the best maintenance solution that fits your goals and vision.",https://www.diva-portal.org/smash/record.jsf?dswid=-3523&pid=diva2%3A691102&c=14&searchType=SIMPLE&language=en&query=&af=%5B%22topOrganisationId%3A4853%22%2C%22language%3Aeng%22%2C%22thesisLevel%3AM2%22%5D&aq=%5B%5B%5D%5D&aq2=%5B%5B%5D%5D&aqe=%5B%5D&noOfRows=50&sortOrder=author_sort_asc&sortOrder2=title_sort_asc&onlyFullText=false&sf=undergraduate,TRUE,TRUE
10 min,Paraphrasing,TRUE,"Adopting a strategy of performing maintenance actions solely in response to breakdowns is not always optimal. Breakdowns can lead to increased costs and unexpected downtime, particularly when they occur at inconvenient times. Moreover, such breakdowns may trigger secondary issues or escalate into larger problems. Scheduled maintenance offers a solution to mitigate these risks by proactively stopping equipment at regular intervals for inspection and repair, thereby minimizing the likelihood of unexpected breakdowns and their associated consequences.",Mostly it is not always a good strategy to perform maintenance actions after a breakdown occurs. The breakdown may cause more cost and unexpected stoppage when it happens in a non-convenient time. Also the breakdown may cause secondary problems or it could become sources of other big problems. Scheduled maintenance may become a solution for this problem in the form of stopping the equipment routinely for checking and repairing. ,https://www.diva-portal.org/smash/record.jsf?dswid=-3523&pid=diva2%3A691102&c=14&searchType=SIMPLE&language=en&query=&af=%5B%22topOrganisationId%3A4853%22%2C%22language%3Aeng%22%2C%22thesisLevel%3AM2%22%5D&aq=%5B%5B%5D%5D&aq2=%5B%5B%5D%5D&aqe=%5B%5D&noOfRows=50&sortOrder=author_sort_asc&sortOrder2=title_sort_asc&onlyFullText=false&sf=undergraduate,TRUE,TRUE
4 min,Paraphrasing,TRUE,"The cultures of the Middle East, encompassing Turkey as well, share certain common characteristics. Like any other culture, the people of the Middle East possess their distinct set of cultural values, beliefs, and customs. According to Hall, Middle Eastern cultures place a strong emphasis on hospitality and mutual respect. Interviewees from Turkey used terms such as hospitable, respectful, and helpful to characterize the representatives of their culture.","the cultures of the Middle East, which also includes the culture of Turkey, have some common characteristics. The people of the Middle East, like other cultures, have their own unique set of cultural values, beliefs, and customs. Hall explains that Middle Eastern cultures emphasize hospitality and respect for one another. Hospitable, respectful, and helpful are the words the Turkish interviewees used to describe the representatives of their culture.",https://www.diva-portal.org/smash/record.jsf?dswid=-3523&pid=diva2%3A1793016&c=17&searchType=SIMPLE&language=en&query=&af=%5B%22topOrganisationId%3A4853%22%2C%22language%3Aeng%22%2C%22thesisLevel%3AM2%22%5D&aq=%5B%5B%5D%5D&aq2=%5B%5B%5D%5D&aqe=%5B%5D&noOfRows=50&sortOrder=author_sort_asc&sortOrder2=title_sort_asc&onlyFullText=false&sf=undergraduate,TRUE,TRUE
3 min,Paraphrasing,TRUE,"Global warming poses a pervasive challenge worldwide, with emissions of greenhouse gases serving as a primary contributor. The transport sector, in particular, accounts for a substantial portion of these emissions, exacerbating the issue of global warming. In response, the Swedish government implemented the bonus-malus system in July 2018. This system is designed to incentivize the adoption of eco-friendly vehicles, thereby gradually reducing greenhouse gas emissions from the transportation sector over time.","Global warming issues are a widespread problem around the world and the emissions of greenhouse gases is one of the main contributors. The transport sector emits a significant amount of greenhouse gas emissions; thus, this contributes to global warming. To tackle this challenge the Swedish state introduced in July 2018 a system called bonus-malus system which aims to increase the proportion of eco-friendly cars and in the long run reducing greenhouse gases emissions from the transport sector.",https://www.diva-portal.org/smash/record.jsf?dswid=-3523&pid=diva2%3A1668904&c=18&searchType=SIMPLE&language=en&query=&af=%5B%22topOrganisationId%3A4853%22%2C%22language%3Aeng%22%2C%22thesisLevel%3AM2%22%5D&aq=%5B%5B%5D%5D&aq2=%5B%5B%5D%5D&aqe=%5B%5D&noOfRows=50&sortOrder=author_sort_asc&sortOrder2=title_sort_asc&onlyFullText=false&sf=undergraduate,TRUE,TRUE
3 min,Paraphrasing,TRUE,"Cloud computing offers convenient access to computing resources and storage capacity on an as-needed basis. Applications and data are hosted in data centers managed by third-party providers, utilizing a pay-per-use pricing model. This arrangement enables organizations to prioritize their core business objectives without the burden of overseeing in-house IT infrastructure.","Cloud computing provides access to on-demand computing resources and storage space, whereby applications and data are hosted with data centers managed by third parties, on a pay-per-use price model. This allows organizations to focus on core business goals instead of managing in-house IT infrastructure.   ",https://www.diva-portal.org/smash/record.jsf?dswid=-3523&pid=diva2%3A646329&c=19&searchType=SIMPLE&language=en&query=&af=%5B%22topOrganisationId%3A4853%22%2C%22language%3Aeng%22%2C%22thesisLevel%3AM2%22%5D&aq=%5B%5B%5D%5D&aq2=%5B%5B%5D%5D&aqe=%5B%5D&noOfRows=50&sortOrder=author_sort_asc&sortOrder2=title_sort_asc&onlyFullText=false&sf=undergraduate,TRUE,TRUE
3 min,Paraphrasing,TRUE,"Amid the COVID-19 pandemic, there has been a rapid acceleration of digital transformation among companies striving to meet evolving customer needs. Consequently, the aim of this research is to explore how Swedish retailers operating in the furniture sector can effectively manage technological touchpoints within customer journeys.","During the corona pandemic, the digital transformation has accelerated for companies to adapt to customers. Therefore, the purpose of the research is to understand how swedish retailers can manage technological touchpoints in customer journeys in the furniture sector.",https://www.diva-portal.org/smash/record.jsf?dswid=-3523&pid=diva2%3A1573851&c=22&searchType=SIMPLE&language=en&query=&af=%5B%22topOrganisationId%3A4853%22%2C%22language%3Aeng%22%2C%22thesisLevel%3AM2%22%5D&aq=%5B%5B%5D%5D&aq2=%5B%5B%5D%5D&aqe=%5B%5D&noOfRows=50&sortOrder=author_sort_asc&sortOrder2=title_sort_asc&onlyFullText=false&sf=undergraduate,TRUE,TRUE
3 min,Paraphrasing,FALSE,"She argues that the Somali diaspora's sense of duty stems from their cultural and religious backgrounds, motivating them to provide financial support and aid to their relatives. This practice is widespread among adult Somali Swedes and Somalis residing in other regions. Additionally, there's a notable trend of contributing to disaster relief efforts, such as drought relief, reflecting a shared commitment to solidarity and urgency. Importantly, the assistance offered transcends regional affiliations and is often driven by a combination of humanitarian concerns and familial responsibilities. Given the enduring impact of the civil war on many Somalis, whether the support provided is primarily motivated by religious obligation, humanitarian values, or familial ties can be complex and multifaceted.","The war thus makes itself of particular relevance for the NATO states and EU states, especially in regards to states such as Ukraine that were formerly aligned to the Soviet Union. Considering that the Russia-Ukraine war has already advanced from a national crisis into a global geopolitical conflict, it risks resulting into serious adversaries towards the main actors and other nations in general. ",https://www.diva-portal.org/smash/record.jsf?dswid=-3523&pid=diva2%3A1762452&c=5&searchType=SIMPLE&language=en&query=&af=%5B%22topOrganisationId%3A4853%22%2C%22language%3Aeng%22%2C%22thesisLevel%3AM2%22%5D&aq=%5B%5B%5D%5D&aq2=%5B%5B%5D%5D&aqe=%5B%5D&noOfRows=50&sortOrder=author_sort_asc&sortOrder2=title_sort_asc&onlyFullText=false&sf=undergraduate,FALSE,FALSE
3 min,Paraphrasing,FALSE,"The conflict holds particular significance for NATO and EU member states, particularly those, like Ukraine, with historical ties to the Soviet Union. As the Russia-Ukraine conflict escalates from a domestic issue to a global geopolitical struggle, it poses substantial risks of creating adversarial relationships among major powers and other nations worldwide.","She continues to say that the Somali diaspora’s commitment or obligation is based on their culture and religion. Hence why they remit and support their kinship. Many adult Somali Swedes and Somalis in other parts of the world have participated in this practice. Besides, people have widely expressed donations for drought relief and other forms of disaster donations. This is a common practice, that is, little or no attention is paid to the affiliation of certain regions, but based on a sense of urgency and solidarity, even for the economy, the same is true for people with very limited means. Also, because many Somalis suffered physical pain during the civil war, or had family members or friends who were or have been affected, it is not always clear if they remit because of religious and humanitarian obligations or because they feel responsible for their family.",https://www.diva-portal.org/smash/record.jsf?dswid=-3523&pid=diva2%3A1532847&c=4&searchType=SIMPLE&language=en&query=&af=%5B%22topOrganisationId%3A4853%22%2C%22language%3Aeng%22%2C%22thesisLevel%3AM2%22%5D&aq=%5B%5B%5D%5D&aq2=%5B%5B%5D%5D&aqe=%5B%5D&noOfRows=50&sortOrder=author_sort_asc&sortOrder2=title_sort_asc&onlyFullText=false&sf=undergraduate,FALSE,FALSE
3 min,Paraphrasing,FALSE,"The historical artifacts nestled within Swedish forests face a threat from the routine use of heavy machinery during soil preparation, scarification, and regeneration endeavors. The risk arises primarily from the lack of precise information regarding the whereabouts of these remnants or inaccuracies in their documentation. Among the most fragile of these historical vestiges are the remnants of past charcoal production, whose traces have endured over time.","International migration has had a steady growth over the last decades and the integration of immigrants into the labour market is a challenge for many countries. Previous literature has found that immigrants, especially non-European immigrants, are disadvantaged in the labour market, and that the size of this disadvantage differs between male and female immigrants. One potential explanation for non-European immigrants’ labour market disadvantage is discrimination, which can be expressed through negative attitudes towards immigrants.",https://www.diva-portal.org/smash/record.jsf?dswid=-3523&pid=diva2%3A1571473&c=9&searchType=SIMPLE&language=en&query=&af=%5B%22topOrganisationId%3A4853%22%2C%22language%3Aeng%22%2C%22thesisLevel%3AM2%22%5D&aq=%5B%5B%5D%5D&aq2=%5B%5B%5D%5D&aqe=%5B%5D&noOfRows=50&sortOrder=author_sort_asc&sortOrder2=title_sort_asc&onlyFullText=false&sf=undergraduate,FALSE,FALSE
5 min,Paraphrasing,FALSE,"In recent decades, international migration has seen consistent growth, presenting a challenge for many countries in terms of integrating immigrants into the labor market. Existing research indicates that immigrants, particularly those from non-European backgrounds, face difficulties in gaining a foothold in the labor market, with variations observed between male and female immigrants. Discrimination is proposed as a potential explanation for the disadvantaged position of non-European immigrants in the labor market, often manifested through negative attitudes towards immigrants.","Historical remains in Swedish forests are at risk of being damaged by heavy machineryduring regular soil preparation, scarification, and regeneration activities. Thereason for this is that the exact locations of these remains are often unknown or theirrecords are inaccurate. Some of the most vulnerable historical remains are the tracesleft after years of charcoal production.",https://www.diva-portal.org/smash/record.jsf?dswid=-3523&pid=diva2%3A1567620&c=7&searchType=SIMPLE&language=en&query=&af=%5B%22topOrganisationId%3A4853%22%2C%22language%3Aeng%22%2C%22thesisLevel%3AM2%22%5D&aq=%5B%5B%5D%5D&aq2=%5B%5B%5D%5D&aqe=%5B%5D&noOfRows=50&sortOrder=author_sort_asc&sortOrder2=title_sort_asc&onlyFullText=false&sf=undergraduatewa,FALSE,FALSE
4 min,Paraphrasing,FALSE,"In contemporary times, companies are increasingly recognizing the significance of implementing effective maintenance strategies for their production processes. Maintenance directly influences factors such as quality, performance, and availability, thereby aiding in the optimization of production processes to deliver high-quality products at minimal production costs. A novel approach to maintenance, known as e-maintenance, has emerged recently. This approach offers a streamlined solution for managing maintenance activities by incorporating features such as condition monitoring, documentation, and personalized maintenance recommendations tailored to align with the company's objectives and vision.",Mostly it is not always a good strategy to perform maintenance actions after a breakdown occurs. The breakdown may cause more cost and unexpected stoppage when it happens ina non-convenient time. Also the breakdown may cause secondary problems or it could become sources of other big problems. Scheduled maintenance may become a solution for this problem in the form of stopping the equipment routinely for checking and repairing. ,https://www.diva-portal.org/smash/record.jsf?dswid=-3523&pid=diva2%3A691102&c=14&searchType=SIMPLE&language=en&query=&af=%5B%22topOrganisationId%3A4853%22%2C%22language%3Aeng%22%2C%22thesisLevel%3AM2%22%5D&aq=%5B%5B%5D%5D&aq2=%5B%5B%5D%5D&aqe=%5B%5D&noOfRows=50&sortOrder=author_sort_asc&sortOrder2=title_sort_asc&onlyFullText=false&sf=undergraduate,FALSE,FALSE
10 min,Paraphrasing,FALSE,"Adopting a strategy of performing maintenance actions solely in response to breakdowns is not always optimal. Breakdowns can lead to increased costs and unexpected downtime, particularly when they occur at inconvenient times. Moreover, such breakdowns may trigger secondary issues or escalate into larger problems. Scheduled maintenance offers a solution to mitigate these risks by proactively stopping equipment at regular intervals for inspection and repair, thereby minimizing the likelihood of unexpected breakdowns and their associated consequences.","Nowadays, companies started to realize the impact of a good maintenance strategy on the production process. Quality, performance as well as availability are affected by maintenance; existing maintenance strategies help to optimize the production process to achieve high quality products with a low production cost. A new strategy of maintenance has immerged recently, e-maintenance provides an easy solution to follow up with maintenance, it provides condition monitoring, documentation, and it also gives you the best maintenance solution that fits your goals and vision.",https://www.diva-portal.org/smash/record.jsf?dswid=-3523&pid=diva2%3A691102&c=14&searchType=SIMPLE&language=en&query=&af=%5B%22topOrganisationId%3A4853%22%2C%22language%3Aeng%22%2C%22thesisLevel%3AM2%22%5D&aq=%5B%5B%5D%5D&aq2=%5B%5B%5D%5D&aqe=%5B%5D&noOfRows=50&sortOrder=author_sort_asc&sortOrder2=title_sort_asc&onlyFullText=false&sf=undergraduate,FALSE,FALSE
4 min,Paraphrasing,FALSE,"The cultures of the Middle East, encompassing Turkey as well, share certain common characteristics. Like any other culture, the people of the Middle East possess their distinct set of cultural values, beliefs, and customs. According to Hall, Middle Eastern cultures place a strong emphasis on hospitality and mutual respect. Interviewees from Turkey used terms such as hospitable, respectful, and helpful to characterize the representatives of their culture.","Global warming issues are a widespread problem around the world and the emissions of greenhouse gases is one of the main contributors. The transport sector emits a significant amount of greenhouse gas emissions; thus, this contributes to global warming. To tackle this challenge the Swedish state introduced in July 2018 a system called bonus-malus system which aims to increase the proportion of eco-friendly cars and in the long run reducing greenhouse gases emissions from the transport sector.",https://www.diva-portal.org/smash/record.jsf?dswid=-3523&pid=diva2%3A1668904&c=18&searchType=SIMPLE&language=en&query=&af=%5B%22topOrganisationId%3A4853%22%2C%22language%3Aeng%22%2C%22thesisLevel%3AM2%22%5D&aq=%5B%5B%5D%5D&aq2=%5B%5B%5D%5D&aqe=%5B%5D&noOfRows=50&sortOrder=author_sort_asc&sortOrder2=title_sort_asc&onlyFullText=false&sf=undergraduate,FALSE,FALSE
3 min,Paraphrasing,FALSE,"Global warming poses a pervasive challenge worldwide, with emissions of greenhouse gases serving as a primary contributor. The transport sector, in particular, accounts for a substantial portion of these emissions, exacerbating the issue of global warming. In response, the Swedish government implemented the bonus-malus system in July 2018. This system is designed to incentivize the adoption of eco-friendly vehicles, thereby gradually reducing greenhouse gas emissions from the transportation sector over time.","the cultures of the Middle East, which also includes the culture of Turkey, have some common characteristics. The people of the Middle East, like other cultures, have their own unique set of cultural values, beliefs, and customs. Hall explains that Middle Eastern cultures emphasize hospitality and respect for one another. Hospitable, respectful, and helpful are the words the Turkish interviewees used to describe the representatives of their culture.",https://www.diva-portal.org/smash/record.jsf?dswid=-3523&pid=diva2%3A1793016&c=17&searchType=SIMPLE&language=en&query=&af=%5B%22topOrganisationId%3A4853%22%2C%22language%3Aeng%22%2C%22thesisLevel%3AM2%22%5D&aq=%5B%5B%5D%5D&aq2=%5B%5B%5D%5D&aqe=%5B%5D&noOfRows=50&sortOrder=author_sort_asc&sortOrder2=title_sort_asc&onlyFullText=false&sf=undergraduate,FALSE,FALSE
3 min,Paraphrasing,FALSE,"Cloud computing offers convenient access to computing resources and storage capacity on an as-needed basis. Applications and data are hosted in data centers managed by third-party providers, utilizing a pay-per-use pricing model. This arrangement enables organizations to prioritize their core business objectives without the burden of overseeing in-house IT infrastructure.","During the corona pandemic, the digital transformation has accelerated for companies to adapt to customers. Therefore, the purpose of the research is to understand how swedish retailers can manage technological touchpoints in customer journeys in the furniture sector.",https://www.diva-portal.org/smash/record.jsf?dswid=-3523&pid=diva2%3A1573851&c=22&searchType=SIMPLE&language=en&query=&af=%5B%22topOrganisationId%3A4853%22%2C%22language%3Aeng%22%2C%22thesisLevel%3AM2%22%5D&aq=%5B%5B%5D%5D&aq2=%5B%5B%5D%5D&aqe=%5B%5D&noOfRows=50&sortOrder=author_sort_asc&sortOrder2=title_sort_asc&onlyFullText=false&sf=undergraduate,FALSE,FALSE
3 min,Paraphrasing,FALSE,"Amid the COVID-19 pandemic, there has been a rapid acceleration of digital transformation among companies striving to meet evolving customer needs. Consequently, the aim of this research is to explore how Swedish retailers operating in the furniture sector can effectively manage technological touchpoints within customer journeys.","Cloud computing provides access to on-demand computing resources and storage space, whereby applications and data are hosted with data centers managed by third parties, on a pay-per-use price model. This allows organizations to focus on core business goals instead of managing in-house IT infrastructure.",https://www.diva-portal.org/smash/record.jsf?dswid=-3523&pid=diva2%3A646329&c=19&searchType=SIMPLE&language=en&query=&af=%5B%22topOrganisationId%3A4853%22%2C%22language%3Aeng%22%2C%22thesisLevel%3AM2%22%5D&aq=%5B%5B%5D%5D&aq2=%5B%5B%5D%5D&aqe=%5B%5D&noOfRows=50&sortOrder=author_sort_asc&sortOrder2=title_sort_asc&onlyFullText=false&sf=undergraduate,FALSE,FALSE
,Cross referencing ,TRUE,"According to the World Bank’s (2019) latest Migration and Development Brief, remittancesto low and middle-income countries reached a record high in 2018.","Remittances to low- and middle-income countries reached a record high in 2018, according to the World Bank’s latest Migration and Development Brief.",https://www.diva-portal.org/smash/record.jsf?dswid=-2585&pid=diva2%3A1532847&c=4&searchType=SIMPLE&language=en&query=&af=%5B%22publicationTypeCode%3AstudentThesis%22%2C%22language%3Aeng%22%2C%22thesisLevel%3AM2%22%2C%22topOrganisationId%3A4853%22%5D&aq=%5B%5B%5D%5D&aq2=%5B%5B%5D%5D&aqe=%5B%5D&noOfRows=50&sortOrder=author_sort_asc&sortOrder2=title_sort_asc&onlyFullText=false,TRUE,
,Cross referencing ,TRUE," Officially recorded annual remittance flows to low and middle-income countries have reached $529 billion in 2018, which is over the previous record high of $483 billion in 2017 (World Bank, 2019).","The Bank estimates that officially recorded annual remittance flows to low- and middle-income countries reached $529 billion in 2018, an increase of 9.6 percent over the previous record high of $483 billion in 2017. Global remittances, which include flows to high-income countries, reached $689 billion in 2018, up from $633 billion in 2017.",https://www.diva-portal.org/smash/record.jsf?dswid=-2585&pid=diva2%3A1532847&c=4&searchType=SIMPLE&language=en&query=&af=%5B%22publicationTypeCode%3AstudentThesis%22%2C%22language%3Aeng%22%2C%22thesisLevel%3AM2%22%2C%22topOrganisationId%3A4853%22%5D&aq=%5B%5B%5D%5D&aq2=%5B%5B%5D%5D&aqe=%5B%5D&noOfRows=50&sortOrder=author_sort_asc&sortOrder2=title_sort_asc&onlyFullText=false,FALSE,
,Cross referencing ,TRUE,"One of the oldest and most popular way of using short-term capital flows for speculation is carry trade (Burnside, Eichenbaum and Rebelo, 2011).",We examine the empirical properties of the payo!s to two popular currency speculation strategies: the carry trade and momentum. We review three possible explanations for the apparent profitability of these strategies. The first is that speculators are being compensated for bearing risk. The second is that these strategies are vulnerable to rare disasters or peso problems. The third is that there is price pressure in currency markets.,https://www.diva-portal.org/smash/record.jsf?dswid=-2585&pid=diva2%3A541562&c=25&searchType=SIMPLE&language=en&query=&af=%5B%22publicationTypeCode%3AstudentThesis%22%2C%22language%3Aeng%22%2C%22thesisLevel%3AM2%22%2C%22topOrganisationId%3A4853%22%5D&aq=%5B%5B%5D%5D&aq2=%5B%5B%5D%5D&aqe=%5B%5D&noOfRows=50&sortOrder=author_sort_asc&sortOrder2=title_sort_asc&onlyFullText=false,TRUE,
,Cross referencing ,TRUE,"In a critical overview about child labour and africanists scholarship, Grier (2004) argues that Africanist academics frequently treat children and teenagers who work as invisible, because they were continued to be undertheorized and underresearched although they were present everywhere in sub-Saharan Africa's wage and nonwage labor markets, not only in Zimbabwe.","One of the areas too often neglected by Africanist scholars and adolescent labor. I call African children and adolescents ""invisible hands"" in my work on child labor in colonial Zimbabwe because, they were ubiquitous in the wage and nonwage labor force, not only in Zbabwe but elsewhere in sub-Saharan Africa as well, they were and co to be underresearched and undertheorized (Grier 1994b; 2004).",https://www.diva-portal.org/smash/get/diva2:1732947/FULLTEXT01.pdf,TRUE,
,Cross referencing ,TRUE,"Consumer behavior is influenced through social media by facilitating a platform where emotions, opinions and feelings can be shared that transcends physical limitations instantaneously allowing consumers access to networks. It is estimated that roughly 4.4 billion people are actively a part of these networks (Dean, 2021).","On average, 61.4% of the world are active social media users, regardless of age On average, 80.8% of the world’s population aged 18+ are active on social media USA has 72.5% regardless of age, 88.6% for only those aged 18+ years UK has 84.4% regardless of age, 92.4% for only those aged 18+ years Canada has 85.7% regardless of age, 90.8% for only those aged 18+ years Australia has 81% regardless of age, 91.5% for only those aged 18+ years India has 32.8% regardless of age, 40.2% for only those aged 18+ years",https://backlinko.com/social-media-users,FALSE,
,Cross referencing ,FALSE,"According to the World Bank’s (2019) latest Migration and Development Brief, remittancesto low and middle-income countries reached a record high in 2018.","On average, 61.4% of the world are active social media users, regardless of age On average, 80.8% of the world’s population aged 18+ are active on social media USA has 72.5% regardless of age, 88.6% for only those aged 18+ years UK has 84.4% regardless of age, 92.4% for only those aged 18+ years Canada has 85.7% regardless of age, 90.8% for only those aged 18+ years Australia has 81% regardless of age, 91.5% for only those aged 18+ years India has 32.8% regardless of age, 40.2% for only those aged 18+ years",https://backlinko.com/social-media-users,FALSE,
,Cross referencing ,FALSE,"Consumer behavior is influenced through social media by facilitating a platform where emotions, opinions and feelings can be shared that transcends physical limitations instantaneously allowing consumers access to networks. It is estimated that roughly 4.4 billion people are actively a part of these networks (Dean, 2021).","Remittances to low- and middle-income countries reached a record high in 2018, according to the World Bank’s latest Migration and Development Brief.",https://www.diva-portal.org/smash/record.jsf?dswid=-2585&pid=diva2%3A1532847&c=4&searchType=SIMPLE&language=en&query=&af=%5B%22publicationTypeCode%3AstudentThesis%22%2C%22language%3Aeng%22%2C%22thesisLevel%3AM2%22%2C%22topOrganisationId%3A4853%22%5D&aq=%5B%5B%5D%5D&aq2=%5B%5B%5D%5D&aqe=%5B%5D&noOfRows=50&sortOrder=author_sort_asc&sortOrder2=title_sort_asc&onlyFullText=false,FALSE,
,Cross referencing ,FALSE," Officially recorded annual remittance flows to low and middle-income countries have reached $529 billion in 2018, which is over the previous record high of $483 billion in 2017 (World Bank, 2019).","One of the areas too often neglected by Africanist scholars and adolescent labor. I call African children and adolescents ""invisible hands"" in my work on child labor in colonial Zimbabwe because, they were ubiquitous in the wage and nonwage labor force, not only in Zbabwe but elsewhere in sub-Saharan Africa as well, they were and co to be underresearched and undertheorized (Grier 1994b; 2004).",https://www.diva-portal.org/smash/get/diva2:1732947/FULLTEXT01.pdf,FALSE,
,Cross referencing ,FALSE,"In a critical overview about child labour and africanists scholarship, Grier (2004) argues that Africanist academics frequently treat children and teenagers who work as invisible, because they were continued to be undertheorized and underresearched although they were present everywhere in sub-Saharan Africa's wage and nonwage labor markets, not only in Zimbabwe.","The Bank estimates that officially recorded annual remittance flows to low- and middle-income countries reached $529 billion in 2018, an increase of 9.6 percent over the previous record high of $483 billion in 2017. Global remittances, which include flows to high-income countries, reached $689 billion in 2018, up from $633 billion in 2017.",https://www.diva-portal.org/smash/record.jsf?dswid=-2585&pid=diva2%3A1532847&c=4&searchType=SIMPLE&language=en&query=&af=%5B%22publicationTypeCode%3AstudentThesis%22%2C%22language%3Aeng%22%2C%22thesisLevel%3AM2%22%2C%22topOrganisationId%3A4853%22%5D&aq=%5B%5B%5D%5D&aq2=%5B%5B%5D%5D&aqe=%5B%5D&noOfRows=50&sortOrder=author_sort_asc&sortOrder2=title_sort_asc&onlyFullText=false,FALSE,
,Cross referencing ,FALSE,"One of the oldest and most popular way of using short-term capital flows for speculation is carry trade (Burnside, Eichenbaum and Rebelo, 2011). I",The transition from low-skilled labor has resulted in the Chinese population choosing education to find a good job and avoid competing with robots that are taking over the production lines in traditional low-skilled labor factories. China has made a tremendous transition from the world's largest pool of cheap labor force into the world's largest skilled labor pool.,https://www.diva-portal.org/smash/get/diva2:1576676/FULLTEXT01.pdf,FALSE,